USE ecom_dwh;
GO

-- klienti
INSERT INTO dbo.klienti (customer_id, subname, name, phone_number, city, Registrated_date) VALUES
('CUS001', N'Смирнов',    N'Алексей',    '+79161234501', N'Москва',          '2023-03-10'),
('CUS002', N'Иванова',    N'Мария',      '+79262345602', N'Санкт-Петербург', '2023-05-22'),
('CUS003', N'Петров',     N'Дмитрий',    '+79363456703', N'Казань',          '2023-07-14'),
('CUS004', N'Сидорова',   N'Анна',       '+79164567804', N'Екатеринбург',    '2023-09-01'),
('CUS005', N'Козлов',     N'Сергей',     '+79265678905', N'Новосибирск',     '2023-10-18'),
('CUS006', N'Новикова',   N'Елена',      '+79366789006', N'Москва',          '2023-11-05'),
('CUS007', N'Морозов',    N'Андрей',     '+79167890107', N'Самара',          '2024-01-20'),
('CUS008', N'Волкова',    N'Ольга',      '+79268901208', N'Краснодар',       '2024-02-14'),
('CUS009', N'Лебедев',    N'Павел',      '+79369012309', N'Москва',          '2024-03-09'),
('CUS010', N'Соколова',   N'Наталья',    '+79160123410', N'Санкт-Петербург', '2024-04-03'),
('CUS011', N'Попов',      N'Никита',     '+79261234511', N'Казань',          '2024-05-17'),
('CUS012', N'Захарова',   N'Виктория',   '+79362345612', N'Ростов-на-Дону',  '2024-06-28'),
('CUS013', N'Воробьёв',   N'Артём',      '+79163456713', N'Москва',          '2024-07-11'),
('CUS014', N'Павлова',    N'Ирина',      '+79264567814', N'Новосибирск',     '2024-08-22'),
('CUS015', N'Семёнов',    N'Евгений',    '+79365678915', N'Самара',          '2024-09-15'),
('CUS016', N'Голубева',   N'Светлана',   '+79166789016', N'Екатеринбург',    '2024-10-02'),
('CUS017', N'Виноградов', N'Кирилл',     '+79267890117', N'Краснодар',       '2024-10-19'),
('CUS018', N'Богданова',  N'Людмила',    '+79368901218', N'Москва',          '2024-11-07'),
('CUS019', N'Соловьёв',   N'Игорь',      '+79169012319', N'Санкт-Петербург', '2024-11-24'),
('CUS020', N'Тимофеева',  N'Юлия',       '+79260123420', N'Казань',          '2024-12-10'),
('CUS021', N'Федоров',    N'Максим',     '+79361234521', N'Ростов-на-Дону',  '2024-12-21'),
('CUS022', N'Комарова',   N'Алина',      '+79162345622', N'Москва',          '2025-01-05'),
('CUS023', N'Орлов',      N'Роман',      '+79263456723', N'Новосибирск',     '2025-01-14'),
('CUS024', N'Степанова',  N'Дарья',      '+79364567824', N'Самара',          '2025-01-22'),
('CUS025', N'Яковлев',    N'Вадим',      '+79165678925', N'Екатеринбург',    '2025-02-03'),
('CUS026', N'Андреева',   N'Ксения',     '+79266789026', N'Краснодар',       '2025-02-11'),
('CUS027', N'Герасимов',  N'Денис',      '+79367890127', N'Москва',          '2025-02-18'),
('CUS028', N'Никитина',   N'Полина',     '+79168901228', N'Санкт-Петербург', '2025-02-25'),
('CUS029', N'Антонов',    N'Олег',       '+79269012329', N'Казань',          '2025-03-04'),
('CUS030', N'Крылова',    N'Валерия',    '+79360123430', N'Ростов-на-Дону',  '2025-03-10'),
('CUS031', N'Медведев',   N'Михаил',     '+79161234531', N'Москва',          '2025-03-12'),
('CUS032', N'Зайцева',    N'Татьяна',    '+79262345632', N'Новосибирск',     '2025-04-01'),
('CUS033', N'Белов',      N'Константин', '+79363456733', N'Самара',          '2025-04-09'),
('CUS034', N'Тихонова',   N'Вера',       '+79164567834', N'Екатеринбург',    '2025-04-17'),
('CUS035', N'Макаров',    N'Владислав',  '+79265678935', N'Краснодар',       '2025-05-02'),
('CUS036', N'Иванов',     N'Глеб',       '+79366789036', N'Москва',          '2025-05-14'),
('CUS037', N'Лазарева',   N'Анастасия',  '+79167890137', N'Санкт-Петербург', '2025-05-28'),
('CUS038', N'Николаев',   N'Тимур',      '+79268901238', N'Казань',          '2025-06-10'),
('CUS039', N'Осипова',    N'Регина',     '+79369012339', N'Ростов-на-Дону',  '2025-06-22'),
('CUS040', N'Громов',     N'Станислав',  '+79160123440', N'Москва',          '2025-07-05'),
('CUS041', N'Кузьмина',   N'Диана',      '+79261234541', N'Новосибирск',     '2025-07-19'),
('CUS042', N'Пономарёв',  N'Илья',       '+79362345642', N'Самара',          '2025-08-02'),
('CUS043', N'Фролова',    N'Надежда',    '+79163456743', N'Екатеринбург',    '2025-08-15'),
('CUS044', N'Кудрявцев',  N'Леонид',     '+79264567844', N'Краснодар',       '2025-09-01'),
('CUS045', N'Баранова',   N'Карина',     '+79365678945', N'Москва',          '2025-09-18'),
('CUS046', N'Ершов',      N'Фёдор',      '+79166789046', N'Санкт-Петербург', '2025-10-04'),
('CUS047', N'Миронова',   N'Лилия',      '+79267890147', N'Казань',          '2025-10-20'),
('CUS048', N'Титов',      N'Борис',      '+79368901248', N'Ростов-на-Дону',  '2025-11-07'),
('CUS049', N'Панова',     N'Жанна',      '+79169012349', N'Москва',          '2025-12-01'),
('CUS050', N'Мельников',  N'Руслан',     '+79260123450', N'Новосибирск',     '2026-01-15');

-- tovari 
INSERT INTO dbo.tovari (product_id, name, Description, Price, Weight, created_at) VALUES
('PRC001', N'Чудо клубничный',        N'Йогурт питьевой с клубничными шариками, 150 г.',              89.00,  NULL, '2025-01-05 07:00:00'),
('PRC002', N'Краснодарские огурцы',   N'Свежие огурцы с южных ферм, 1 кг.',                          79.00,  NULL, '2025-01-05 07:05:00'),
('PRC003', N'Фисташки жареные',       N'Фисташки в скорлупе, слабосолёные, 250 г.',                  230.00, NULL, '2025-01-05 07:10:00'),
('PRC004', N'Молоко пастеризованное', N'Молоко цельное пастеризованное, жирность высшая, 1 л.',      85.00,  NULL, '2025-01-06 08:00:00'),
('PRC005', N'Хлеб Бородинский',       N'Хлеб ржано-пшеничный заварной, 500 г.',                      59.00,  NULL, '2025-01-06 08:05:00'),
('PRC006', N'Сыр Российский',         N'Полутвёрдый сыр выдержанный, 400 г.',                        340.00, NULL, '2025-01-07 09:00:00'),
('PRC007', N'Масло сливочное',        N'Масло крестьянское высшего сорта, 180 г.',                    145.00, NULL, '2025-01-07 09:05:00'),
('PRC008', N'Греча',                  N'Крупа гречневая ядрица, 800 г.',                              110.00, NULL, '2025-01-08 10:00:00'),
('PRC009', N'Макароны Спагетти',      N'Макаронные изделия из твёрдых сортов пшеницы, 450 г.',        70.00,  NULL, '2025-01-08 10:05:00'),
('PRC010', N'Томаты черри',           N'Помидоры черри красные на ветке, 250 г.',                     135.00, NULL, '2025-01-09 11:00:00'),
('PRC011', N'Кефир 3,2%',             N'Кефир классический, жирность средняя, 930 г.',                75.00,  NULL, '2025-01-09 11:05:00'),
('PRC012', N'Чай Ахмад Эрл Грей',    N'Чай чёрный байховый в пакетиках, 100 г.',                    199.00, NULL, '2025-01-10 12:00:00'),
('PRC013', N'Кофе Nescafe Gold',      N'Кофе растворимый сублимированный, 95 г.',                    379.00, NULL, '2025-01-10 12:05:00'),
('PRC014', N'Апельсины',              N'Апельсины сорт Навелин, 1 кг.',                               119.00, NULL, '2025-01-11 13:00:00'),
('PRC015', N'Яблоки Гала',            N'Яблоки красные Гала, 1 кг.',                                  99.00,  NULL, '2025-01-11 13:05:00'),
('PRC016', N'Яйца куриные С1',        N'Яйца куриные категория С1, 10 шт.',                           109.00, NULL, '2025-01-12 14:00:00'),
('PRC017', N'Сахар-песок',            N'Сахар-песок ГОСТ, 1 кг.',                                     72.00,  NULL, '2025-01-12 14:05:00'),
('PRC018', N'Соль морская',           N'Соль морская крупная йодированная, 500 г.',                    45.00,  NULL, '2025-01-13 15:00:00'),
('PRC019', N'Подсолнечное масло',     N'Масло подсолнечное рафинированное дезодорированное, 1 л.',    135.00, NULL, '2025-01-13 15:05:00'),
('PRC020', N'Шоколад Алёнка',         N'Шоколад молочный, 100 г.',                                    109.00, NULL, '2025-01-14 16:00:00');

-- zakazi
INSERT INTO dbo.zakazi (order_id, customer_id, product_id, quantity, order_dt, amount, status, created_at, updated_at) VALUES
('ORD-2603-001','CUS001','PRC001',2,'2026-03-01',178.00, 'PAID',    '2026-03-01 08:10:00','2026-03-01 09:15:00'),
('ORD-2603-002','CUS002','PRC002',5,'2026-03-01',395.00, 'PAID',    '2026-03-01 08:30:00','2026-03-01 09:20:00'),
('ORD-2603-003','CUS003','PRC003',1,'2026-03-01',230.00, 'NEW',     '2026-03-01 09:00:00','2026-03-01 09:00:00'),
('ORD-2603-004','CUS004','PRC004',3,'2026-03-01',255.00, 'PAID',    '2026-03-01 09:15:00','2026-03-01 10:00:00'),
('ORD-2603-005','CUS005','PRC005',2,'2026-03-01',118.00, 'PAID',    '2026-03-01 09:30:00','2026-03-01 10:30:00'),
('ORD-2603-006','CUS006','PRC006',1,'2026-03-01',340.00, 'SHIPPED', '2026-03-01 10:00:00','2026-03-01 14:00:00'),
('ORD-2603-007','CUS007','PRC007',4,'2026-03-01',580.00, 'PAID',    '2026-03-01 10:15:00','2026-03-01 11:00:00'),
('ORD-2603-008','CUS008','PRC008',2,'2026-03-01',220.00, 'PAID',    '2026-03-01 10:30:00','2026-03-01 11:30:00'),
('ORD-2603-009','CUS009','PRC009',3,'2026-03-01',210.00, 'NEW',     '2026-03-01 11:00:00','2026-03-01 11:00:00'),
('ORD-2603-010','CUS010','PRC010',2,'2026-03-01',270.00, 'SHIPPED', '2026-03-01 11:15:00','2026-03-01 15:00:00'),
('ORD-2603-011','CUS011','PRC011',6,'2026-03-02',450.00, 'PAID',    '2026-03-02 08:00:00','2026-03-02 09:00:00'),
('ORD-2603-012','CUS012','PRC012',1,'2026-03-02',199.00, 'PAID',    '2026-03-02 08:20:00','2026-03-02 09:05:00'),
('ORD-2603-013','CUS013','PRC013',2,'2026-03-02',758.00, 'SHIPPED', '2026-03-02 08:40:00','2026-03-02 12:00:00'),
('ORD-2603-014','CUS014','PRC014',3,'2026-03-02',357.00, 'PAID',    '2026-03-02 09:00:00','2026-03-02 09:45:00'),
('ORD-2603-015','CUS015','PRC015',4,'2026-03-02',396.00, 'PAID',    '2026-03-02 09:20:00','2026-03-02 10:15:00'),
('ORD-2603-016','CUS016','PRC016',2,'2026-03-02',218.00, 'NEW',     '2026-03-02 09:40:00','2026-03-02 09:40:00'),
('ORD-2603-017','CUS017','PRC017',5,'2026-03-02',360.00, 'PAID',    '2026-03-02 10:00:00','2026-03-02 10:50:00'),
('ORD-2603-018','CUS018','PRC018',3,'2026-03-02',135.00, 'PAID',    '2026-03-02 10:20:00','2026-03-02 11:00:00'),
('ORD-2603-019','CUS019','PRC019',2,'2026-03-02',270.00, 'SHIPPED', '2026-03-02 10:40:00','2026-03-02 14:30:00'),
('ORD-2603-020','CUS020','PRC020',4,'2026-03-02',436.00, 'PAID',    '2026-03-02 11:00:00','2026-03-02 11:45:00'),
('ORD-2603-021','CUS021','PRC001',3,'2026-03-03',267.00, 'PAID',    '2026-03-03 08:05:00','2026-03-03 08:50:00'),
('ORD-2603-022','CUS022','PRC003',2,'2026-03-03',460.00, 'PAID',    '2026-03-03 08:25:00','2026-03-03 09:10:00'),
('ORD-2603-023','CUS023','PRC005',1,'2026-03-03',59.00,  'NEW',     '2026-03-03 08:45:00','2026-03-03 08:45:00'),
('ORD-2603-024','CUS024','PRC007',2,'2026-03-03',290.00, 'PAID',    '2026-03-03 09:05:00','2026-03-03 09:55:00'),
('ORD-2603-025','CUS025','PRC009',3,'2026-03-03',210.00, 'SHIPPED', '2026-03-03 09:25:00','2026-03-03 13:00:00'),
('ORD-2603-026','CUS026','PRC011',4,'2026-03-03',300.00, 'PAID',    '2026-03-03 09:45:00','2026-03-03 10:30:00'),
('ORD-2603-027','CUS027','PRC013',1,'2026-03-03',379.00, 'PAID',    '2026-03-03 10:05:00','2026-03-03 10:50:00'),
('ORD-2603-028','CUS028','PRC015',5,'2026-03-03',495.00, 'PAID',    '2026-03-03 10:25:00','2026-03-03 11:15:00'),
('ORD-2603-029','CUS029','PRC017',2,'2026-03-03',144.00, 'NEW',     '2026-03-03 10:45:00','2026-03-03 10:45:00'),
('ORD-2603-030','CUS030','PRC019',1,'2026-03-03',135.00, 'PAID',    '2026-03-03 11:05:00','2026-03-03 11:55:00'),
('ORD-2603-031','CUS031','PRC002',3,'2026-03-04',237.00, 'PAID',    '2026-03-04 08:00:00','2026-03-04 08:45:00'),
('ORD-2603-032','CUS032','PRC004',2,'2026-03-04',170.00, 'PAID',    '2026-03-04 08:20:00','2026-03-04 09:05:00'),
('ORD-2603-033','CUS033','PRC006',1,'2026-03-04',340.00, 'SHIPPED', '2026-03-04 08:40:00','2026-03-04 12:30:00'),
('ORD-2603-034','CUS034','PRC008',4,'2026-03-04',440.00, 'PAID',    '2026-03-04 09:00:00','2026-03-04 09:45:00'),
('ORD-2603-035','CUS035','PRC010',2,'2026-03-04',270.00, 'PAID',    '2026-03-04 09:20:00','2026-03-04 10:10:00'),
('ORD-2603-036','CUS036','PRC012',3,'2026-03-04',597.00, 'NEW',     '2026-03-04 09:40:00','2026-03-04 09:40:00'),
('ORD-2603-037','CUS037','PRC014',1,'2026-03-04',119.00, 'PAID',    '2026-03-04 10:00:00','2026-03-04 10:50:00'),
('ORD-2603-038','CUS038','PRC016',2,'2026-03-04',218.00, 'PAID',    '2026-03-04 10:20:00','2026-03-04 11:05:00'),
('ORD-2603-039','CUS039','PRC018',5,'2026-03-04',225.00, 'SHIPPED', '2026-03-04 10:40:00','2026-03-04 14:45:00'),
('ORD-2603-040','CUS040','PRC020',3,'2026-03-04',327.00, 'PAID',    '2026-03-04 11:00:00','2026-03-04 11:50:00'),
('ORD-2603-041','CUS041','PRC001',1,'2026-03-05',89.00,  'PAID',    '2026-03-05 08:10:00','2026-03-05 08:55:00'),
('ORD-2603-042','CUS042','PRC003',3,'2026-03-05',690.00, 'PAID',    '2026-03-05 08:30:00','2026-03-05 09:15:00'),
('ORD-2603-043','CUS043','PRC005',4,'2026-03-05',236.00, 'NEW',     '2026-03-05 08:50:00','2026-03-05 08:50:00'),
('ORD-2603-044','CUS044','PRC007',1,'2026-03-05',145.00, 'PAID',    '2026-03-05 09:10:00','2026-03-05 10:00:00'),
('ORD-2603-045','CUS045','PRC009',2,'2026-03-05',140.00, 'SHIPPED', '2026-03-05 09:30:00','2026-03-05 13:15:00'),
('ORD-2603-046','CUS046','PRC011',3,'2026-03-05',225.00, 'PAID',    '2026-03-05 09:50:00','2026-03-05 10:35:00'),
('ORD-2603-047','CUS047','PRC013',1,'2026-03-05',379.00, 'PAID',    '2026-03-05 10:10:00','2026-03-05 10:55:00'),
('ORD-2603-048','CUS048','PRC015',2,'2026-03-05',198.00, 'PAID',    '2026-03-05 10:30:00','2026-03-05 11:20:00'),
('ORD-2603-049','CUS049','PRC017',4,'2026-03-05',288.00, 'NEW',     '2026-03-05 10:50:00','2026-03-05 10:50:00'),
('ORD-2603-050','CUS050','PRC019',3,'2026-03-05',405.00, 'PAID',    '2026-03-05 11:10:00','2026-03-05 12:00:00'),
('ORD-2603-051','CUS001','PRC006',2,'2026-03-06',680.00, 'PAID',    '2026-03-06 08:00:00','2026-03-06 08:45:00'),
('ORD-2603-052','CUS002','PRC008',3,'2026-03-06',330.00, 'PAID',    '2026-03-06 08:20:00','2026-03-06 09:05:00'),
('ORD-2603-053','CUS003','PRC010',1,'2026-03-06',135.00, 'SHIPPED', '2026-03-06 08:40:00','2026-03-06 12:00:00'),
('ORD-2603-054','CUS004','PRC012',2,'2026-03-06',398.00, 'PAID',    '2026-03-06 09:00:00','2026-03-06 09:50:00'),
('ORD-2603-055','CUS005','PRC014',4,'2026-03-06',476.00, 'PAID',    '2026-03-06 09:20:00','2026-03-06 10:10:00'),
('ORD-2603-056','CUS006','PRC016',1,'2026-03-06',109.00, 'NEW',     '2026-03-06 09:40:00','2026-03-06 09:40:00'),
('ORD-2603-057','CUS007','PRC018',6,'2026-03-06',270.00, 'PAID',    '2026-03-06 10:00:00','2026-03-06 10:50:00'),
('ORD-2603-058','CUS008','PRC020',2,'2026-03-06',218.00, 'PAID',    '2026-03-06 10:20:00','2026-03-06 11:05:00'),
('ORD-2603-059','CUS009','PRC002',5,'2026-03-06',395.00, 'SHIPPED', '2026-03-06 10:40:00','2026-03-06 14:30:00'),
('ORD-2603-060','CUS010','PRC004',1,'2026-03-06',85.00,  'PAID',    '2026-03-06 11:00:00','2026-03-06 11:50:00'),
('ORD-2603-061','CUS011','PRC001',4,'2026-03-07',356.00, 'PAID',    '2026-03-07 08:05:00','2026-03-07 08:50:00'),
('ORD-2603-062','CUS012','PRC003',2,'2026-03-07',460.00, 'PAID',    '2026-03-07 08:25:00','2026-03-07 09:10:00'),
('ORD-2603-063','CUS013','PRC005',3,'2026-03-07',177.00, 'NEW',     '2026-03-07 08:45:00','2026-03-07 08:45:00'),
('ORD-2603-064','CUS014','PRC007',1,'2026-03-07',145.00, 'PAID',    '2026-03-07 09:05:00','2026-03-07 09:55:00'),
('ORD-2603-065','CUS015','PRC009',4,'2026-03-07',280.00, 'SHIPPED', '2026-03-07 09:25:00','2026-03-07 13:00:00'),
('ORD-2603-066','CUS016','PRC011',2,'2026-03-07',150.00, 'PAID',    '2026-03-07 09:45:00','2026-03-07 10:30:00'),
('ORD-2603-067','CUS017','PRC013',1,'2026-03-07',379.00, 'PAID',    '2026-03-07 10:05:00','2026-03-07 10:50:00'),
('ORD-2603-068','CUS018','PRC015',3,'2026-03-07',297.00, 'PAID',    '2026-03-07 10:25:00','2026-03-07 11:15:00'),
('ORD-2603-069','CUS019','PRC017',2,'2026-03-07',144.00, 'NEW',     '2026-03-07 10:45:00','2026-03-07 10:45:00'),
('ORD-2603-070','CUS020','PRC019',4,'2026-03-07',540.00, 'PAID',    '2026-03-07 11:05:00','2026-03-07 11:55:00'),
('ORD-2603-071','CUS021','PRC002',2,'2026-03-08',158.00, 'PAID',    '2026-03-08 08:00:00','2026-03-08 08:45:00'),
('ORD-2603-072','CUS022','PRC004',3,'2026-03-08',255.00, 'PAID',    '2026-03-08 08:20:00','2026-03-08 09:05:00'),
('ORD-2603-073','CUS023','PRC006',1,'2026-03-08',340.00, 'SHIPPED', '2026-03-08 08:40:00','2026-03-08 12:30:00'),
('ORD-2603-074','CUS024','PRC008',2,'2026-03-08',220.00, 'PAID',    '2026-03-08 09:00:00','2026-03-08 09:45:00'),
('ORD-2603-075','CUS025','PRC010',3,'2026-03-08',405.00, 'PAID',    '2026-03-08 09:20:00','2026-03-08 10:10:00'),
('ORD-2603-076','CUS026','PRC012',1,'2026-03-08',199.00, 'NEW',     '2026-03-08 09:40:00','2026-03-08 09:40:00'),
('ORD-2603-077','CUS027','PRC014',4,'2026-03-08',476.00, 'PAID',    '2026-03-08 10:00:00','2026-03-08 10:50:00'),
('ORD-2603-078','CUS028','PRC016',2,'2026-03-08',218.00, 'PAID',    '2026-03-08 10:20:00','2026-03-08 11:05:00'),
('ORD-2603-079','CUS029','PRC018',1,'2026-03-08',45.00,  'SHIPPED', '2026-03-08 10:40:00','2026-03-08 14:45:00'),
('ORD-2603-080','CUS030','PRC020',5,'2026-03-08',545.00, 'PAID',    '2026-03-08 11:00:00','2026-03-08 11:50:00'),
('ORD-2603-081','CUS031','PRC001',2,'2026-03-10',178.00, 'PAID',    '2026-03-10 08:10:00','2026-03-10 08:55:00'),
('ORD-2603-082','CUS032','PRC003',1,'2026-03-10',230.00, 'PAID',    '2026-03-10 08:30:00','2026-03-10 09:15:00'),
('ORD-2603-083','CUS033','PRC005',3,'2026-03-10',177.00, 'NEW',     '2026-03-10 08:50:00','2026-03-10 08:50:00'),
('ORD-2603-084','CUS034','PRC007',2,'2026-03-10',290.00, 'PAID',    '2026-03-10 09:10:00','2026-03-10 10:00:00'),
('ORD-2603-085','CUS035','PRC009',4,'2026-03-10',280.00, 'SHIPPED', '2026-03-10 09:30:00','2026-03-10 13:15:00'),
('ORD-2603-086','CUS036','PRC011',1,'2026-03-10',75.00,  'PAID',    '2026-03-10 09:50:00','2026-03-10 10:35:00'),
('ORD-2603-087','CUS037','PRC013',2,'2026-03-10',758.00, 'PAID',    '2026-03-10 10:10:00','2026-03-10 10:55:00'),
('ORD-2603-088','CUS038','PRC015',3,'2026-03-10',297.00, 'PAID',    '2026-03-10 10:30:00','2026-03-10 11:20:00'),
('ORD-2603-089','CUS039','PRC017',1,'2026-03-10',72.00,  'NEW',     '2026-03-10 10:50:00','2026-03-10 10:50:00'),
('ORD-2603-090','CUS040','PRC019',2,'2026-03-10',270.00, 'PAID',    '2026-03-10 11:10:00','2026-03-10 12:00:00'),
('ORD-2603-091','CUS001','PRC020',4,'2026-03-12',436.00, 'PAID',    '2026-03-12 08:00:00','2026-03-12 08:45:00'),
('ORD-2603-092','CUS002','PRC002',6,'2026-03-12',474.00, 'PAID',    '2026-03-12 08:20:00','2026-03-12 09:05:00'),
('ORD-2603-093','CUS003','PRC004',2,'2026-03-12',170.00, 'SHIPPED', '2026-03-12 08:40:00','2026-03-12 12:00:00'),
('ORD-2603-094','CUS004','PRC006',1,'2026-03-12',340.00, 'PAID',    '2026-03-12 09:00:00','2026-03-12 09:50:00'),
('ORD-2603-095','CUS005','PRC008',3,'2026-03-12',330.00, 'PAID',    '2026-03-12 09:20:00','2026-03-12 10:10:00'),
('ORD-2603-096','CUS006','PRC010',2,'2026-03-12',270.00, 'NEW',     '2026-03-12 09:40:00','2026-03-12 09:40:00'),
('ORD-2603-097','CUS007','PRC012',1,'2026-03-12',199.00, 'PAID',    '2026-03-12 10:00:00','2026-03-12 10:50:00'),
('ORD-2603-098','CUS008','PRC014',4,'2026-03-12',476.00, 'PAID',    '2026-03-12 10:20:00','2026-03-12 11:05:00'),
('ORD-2603-099','CUS009','PRC016',3,'2026-03-12',327.00, 'SHIPPED', '2026-03-12 10:40:00','2026-03-12 14:30:00'),
('ORD-2603-100','CUS010','PRC018',2,'2026-03-12',90.00,  'PAID',    '2026-03-12 11:00:00','2026-03-12 11:50:00');
GO
